Model,F1-score,Time(s)
FastText,0.6978366826904994,1871.4375
Word2Vec,0.7033808109069247,84.21875
TF-IDF,0.3633269517124016,74.015625
