optim,lr,weight_decay,epoch,train_loss,val_loss,precision,recall,f1_score
Adam,0.001,0,1,0.7038052876790365,0.6809738278388977,0.5193461196892977,0.5116067268327659,0.4758538826470855
Adam,0.001,0,2,0.6794946789741516,0.6776755452156067,0.5322812121685476,0.5165419251378001,0.47057466577661317
Adam,0.001,0,3,0.6691786050796509,0.678746223449707,0.5396356259056322,0.5314434269707763,0.5185943489205674
Adam,0.001,0,4,0.6559425989786783,0.685922384262085,0.5502192012222327,0.5490946205030912,0.5490503708799797
Adam,0.001,0,5,0.6338908076286316,0.7010038495063782,0.5534531537335001,0.54492798510424,0.5369780723971472
Adam,0.001,0,6,0.6125631133715311,0.7239903807640076,0.5509926027377716,0.5487675591524535,0.5480785406822298
Adam,0.001,0,7,0.5873700976371765,0.7386960387229919,0.5451861835678383,0.5438519174447805,0.5435677047804142
